mean,sd,0.025quant,0.5quant,0.975quant,mode,kld,Variable,Predictors,Type,Effect
-10.5189168469208,9.76800960652969,-29.6759055826183,-10.5187718918717,8.63725326865626,-10.5184803458768,5.52022168248978e-11,Left,Intercept,Intercept,Fixed
0.897843049347179,0.386082404286514,0.0799391001654101,1.0216557447113,1.37968496368258,1.0644401523426,1.71998033995668e-05,Left,Mobility,Mobility,Fixed
1.67390328424041,1.71198234371873,-1.85814655433399,1.72431517659024,4.8989135384741,1.80712674605591,5.78981915049432e-08,Left,EHG,Ancestry,Fixed
1.37210868656175,1.96078703586521,-2.70382688216289,1.43876408609545,5.03959870018687,1.54691619697771,7.65846534692507e-08,Left,LVN,Ancestry,Fixed
0.0468249448071956,0.323240020723364,-0.677779499969225,0.0788699914874101,0.605144254964156,0.131417148056456,6.14389591573022e-07,Left,CHG,Ancestry,Fixed
-7.10658135224138,9.67553246016721,-26.0818647773428,-7.10655712945043,11.8685649663938,-7.10650870210423,5.52440333481846e-11,Right,Intercept,Intercept,Fixed
-0.531317297520733,0.25371222467897,-0.884265306097694,-0.599510728149278,0.0405959062541442,-0.64300076676285,7.44238307619357e-07,Right,Mobility,Mobility,Fixed
-1.57078288157851,1.54440660361586,-4.58310800896265,-1.57830777660873,1.48603500751964,-1.59163606349023,4.4837361553721e-09,Right,EHG,Ancestry,Fixed
-1.04736014287316,1.72429098563136,-4.46756334667333,-1.03734887762527,2.31213518002325,-1.02108389170213,6.17222375035321e-09,Right,LVN,Ancestry,Fixed
0.146143067984083,0.282898684554822,-0.384814823258433,0.136774377092461,0.730784987997032,0.119107919264226,9.302664052262e-08,Right,CHG,Ancestry,Fixed
-1.51161278885488,9.87239625923167,-20.8696892957307,-1.512690828388,17.852543214415,-1.51486687829889,6.06361841197034e-11,Back,Intercept,Intercept,Fixed
-0.49251657789763,0.545667752469393,-1.67561820528446,-0.452517414755725,0.479844924344991,-0.375396789893231,3.77083170149829e-07,Back,Mobility,Mobility,Fixed
-2.11646381235137,2.13487204461878,-6.93116871320116,-1.95002935754553,1.6469366043904,-1.71144379351582,3.61511403508176e-07,Back,EHG,Ancestry,Fixed
-3.57205075368447,2.59313638216986,-9.21027582430704,-3.4219412730409,1.1548180142686,-3.18224840691842,2.48666333619007e-07,Back,LVN,Ancestry,Fixed
-0.254185284093731,0.704514855805809,-1.67464510961517,-0.2453574099288,1.10970975765722,-0.232505470588449,2.39119632801369e-08,Back,CHG,Ancestry,Fixed
11.6427619283385,9.78295213306387,-7.542830691146,11.6426586921823,30.8289376848114,11.6424511656611,5.51883585544231e-11,Left,Baden,Culture,Random
-29.7467014651539,16.2942179292215,-61.7236468402406,-29.7419220823212,2.20771754665063,-29.7285495444169,6.95477949829558e-12,Left,Baltic Meso-Neolithic,Culture,Random
10.8238504900034,9.78700063781105,-8.36967230182452,10.8237456974396,30.0179655630402,10.8235353745855,5.53079081747349e-11,Left,Bell Beaker,Culture,Random
10.2390334856987,9.79270141927142,-8.965692972625,10.2389367161001,29.4443068036202,10.2387424237899,5.52862845725917e-11,Left,Corded Ware,Culture,Random
-27.8963675338343,14.8519626658424,-57.0130548839786,-27.9007440139609,1.24492802738635,-27.909642979544,3.7717373279713e-11,Left,Dnieper-Donets,Culture,Random
9.45517303130857,9.81901178519003,-9.80113849576673,9.455065934307,28.7120913860709,9.45485242329652,5.48977626510814e-11,Left,Lažňany,Culture,Random
12.8528940165177,9.83845943876482,-6.43857128112621,12.8517111193618,32.1510559735237,12.8493474602624,5.49584985865579e-11,Left,Linearbandkeramik,Culture,Random
9.81419467448281,9.90260038083606,-9.59456000447929,9.80994342451764,29.2469693329196,9.80140560799058,6.82849218415693e-11,Left,Sopot,Culture,Random
-24.7902734281246,15.1665300916404,-54.5345929665797,-24.7902784460635,4.9540650605364,-24.7902971540179,4.92424965778369e-11,Left,Trichterbecher,Culture,Random
7.08661801124148,9.80681757972621,-12.1460067254116,7.08660086548408,26.3193408326228,7.0865675563901,5.55170688223854e-11,Left,Únětice,Culture,Random
6.1895120128514,9.68994435906888,-12.813688352847,6.18941085500148,25.1932851093365,6.18920876270961,5.50625732732183e-11,Right,Baden,Culture,Random
0.780839164827618,10.3221516541088,-19.4729626482027,0.784048180167528,21.0163248880762,0.790317280837833,3.8533511196154e-11,Right,Baltic Meso-Neolithic,Culture,Random
6.75081903959595,9.70516832221053,-12.2825462056273,6.75082854386014,25.784130394415,6.75084745599507,5.51725834543181e-11,Right,Bell Beaker,Culture,Random
7.34483432208286,9.7131110933113,-11.70418701792,7.34487193273037,26.3936426981118,7.34494705053078,5.51846997604556e-11,Right,Corded Ware,Culture,Random
-29.6667158099719,14.2832887496549,-57.67921700297,-29.6665184560838,-1.65533481269447,-29.6661268786732,5.19906545547912e-11,Right,Dnieper-Donets,Culture,Random
7.8566164713909,9.75181717373876,-11.2674759434086,7.85635257664095,26.9822042226182,7.85582654443972,5.4854383611199e-11,Right,Lažňany,Culture,Random
3.98739788627217,9.76063930971252,-15.1542046586311,3.98720901816347,23.1300697257561,3.98683167229382,5.49276535035835e-11,Right,Linearbandkeramik,Culture,Random
6.6459386211237,9.78697075137805,-12.5488689158344,6.64629420953145,25.8387287930738,6.6470006662944,5.44971956995621e-11,Right,Sopot,Culture,Random
-27.038002598257,14.7337473050943,-55.9412808304128,-27.0355213723124,1.85118788258931,-27.0306025606832,4.18591930454917e-11,Right,Trichterbecher,Culture,Random
10.0421016153414,9.72412161829908,-9.02816234740775,10.0420145318042,29.1128587299107,10.0418406575106,5.51348304441172e-11,Right,Únětice,Culture,Random
-2.42864647678234,10.0795944466554,-22.244138307171,-2.41177920059347,17.292171286525,-2.37735919748997,3.15412491888363e-10,Back,Baden,Culture,Random
19.7787274307607,18.4474247840979,-13.6457863887901,19.3892862535112,55.749857497514,20.1580603953849,9.39268069149166e-07,Back,Baltic Meso-Neolithic,Culture,Random
-2.41592265324226,9.93435239411599,-21.9112950333164,-2.41148491816903,17.0544203603551,-2.40253202976483,7.36891371494188e-11,Back,Bell Beaker,Culture,Random
-34.8861645299614,13.9822971431749,-62.3364519817928,-34.8762638019282,-7.49186063955317,-34.8564218839854,9.19995259253987e-11,Back,Corded Ware,Culture,Random
32.6515074755644,14.7795576296935,3.65307114113379,32.6562221259222,61.623352052987,32.6657341090214,6.24737377385252e-11,Back,Dnieper-Donets,Culture,Random
-36.2095950765571,15.9690736063559,-67.5281820125024,-36.2095715408504,-4.89128126072978,-36.2096608725048,4.57753367605305e-11,Back,Lažňany,Culture,Random
-2.5694446095818,10.1235508612957,-22.4740910770481,-2.55192869869069,17.2364336477112,-2.516591126289,3.20971428432832e-10,Back,Linearbandkeramik,Culture,Random
0.466516434076934,10.5511561054279,-20.4027873436169,0.530447303197526,20.9836847918988,0.666126234311855,3.36234094876586e-09,Back,Sopot,Culture,Random
28.0935031477842,13.4241056271914,1.76194202718666,28.0952044286428,54.4154430073848,28.0986133974446,5.67751432949091e-11,Back,Trichterbecher,Culture,Random
-3.98488043839268,9.97838895638453,-23.566149040505,-3.98057432777352,15.5721168682296,-3.97187291835842,7.42825994849166e-11,Back,Únětice,Culture,Random
