Difference,Culture1,Culture2,mean,mode,sd,LB,UB,Significant
Baden/Linearbandkeramik,Baden,Linearbandkeramik,-21.6208864489616,-22.2295408825904,7.99412010050943,-37.3078723818856,-6.21747876208217,Yes
Baden/Lažňany,Baden,Lažňany,-50.4552893752923,-50.0511428094803,11.273244049475,-72.913790430165,-28.7109226868492,Yes
Baden/Sopot,Baden,Sopot,177.305956390553,181.093308025118,79.2862993022793,39.4545089653876,350.213409643086,Yes
Baden/Bell Beaker,Baden,Bell Beaker,-80.7503257558147,-82.7738572157918,10.7213288200712,-102.240305930091,-60.165599660074,Yes
Baden/Únětice,Baden,Únětice,-53.576892590397,-53.6681924667169,21.0512828919993,-93.086645523028,-10.652566923377,Yes
Baden/Corded Ware,Baden,Corded Ware,57.0688046210509,34.5817596322917,105.074031013836,-79.9011096304715,253.326109444192,No
Baden/Dnieper-Donets,Baden,Dnieper-Donets,-5.10713008558385,-6.18042203246419,9.48985847787247,-24.3120130332874,12.8581810381667,No
Baden/Trichterbecher,Baden,Trichterbecher,67.93758261319,73.5902710408548,39.3131044167077,-20.2835305688102,144.629955467914,No
Baden/Baltic Meso-Neolithic,Baden,Baltic Meso-Neolithic,-46.3784146403426,-41.3970704115964,23.2967426807777,-94.0796407622489,-1.30943453138466,Yes
Baltic Meso-Neolithic/Linearbandkeramik,Baltic Meso-Neolithic,Linearbandkeramik,-67.9435896869899,-65.7762810855899,23.1523491319526,-112.493964532048,-21.8228685214318,Yes
Baltic Meso-Neolithic/Lažňany,Baltic Meso-Neolithic,Lažňany,-96.2230112743402,-96.7462637437183,24.4401473745126,-143.783707776466,-48.075438255321,Yes
Baltic Meso-Neolithic/Sopot,Baltic Meso-Neolithic,Sopot,131.2681351245,134.528252873161,82.7456027966694,-23.8039521237119,290.875704744573,No
Baltic Meso-Neolithic/Bell Beaker,Baltic Meso-Neolithic,Bell Beaker,-127.294003281954,-123.460308626669,24.3719352283394,-172.528459832013,-76.8521421093663,Yes
Baltic Meso-Neolithic/Únětice,Baltic Meso-Neolithic,Únětice,-99.6760523534854,-102.258168326481,30.5453110202138,-160.857875834744,-39.8540288757171,Yes
Baltic Meso-Neolithic/Corded Ware,Baltic Meso-Neolithic,Corded Ware,11.0651697507561,-7.60867318289554,106.335969649897,-127.803982788392,204.774607810595,No
Baltic Meso-Neolithic/Dnieper-Donets,Baltic Meso-Neolithic,Dnieper-Donets,-40.9797544731416,-42.8107132920632,23.6333065752493,-85.4132276212561,7.30125664043502,No
Baltic Meso-Neolithic/Trichterbecher,Baltic Meso-Neolithic,Trichterbecher,-113.877921421122,-119.454287639543,46.1174040345053,156.718171743014,350.466184317874,Yes
Bell Beaker/Linearbandkeramik,Bell Beaker,Linearbandkeramik,59.1139890651915,59.2745069921171,11.2934205355524,36.950949329959,81.8918303045328,Yes
Bell Beaker/Lažňany,Bell Beaker,Lažňany,30.1214523337222,31.3789766715741,13.6356858670345,3.65169097224192,57.069441585642,Yes
Bell Beaker/Sopot,Bell Beaker,Sopot,-102.296618402302,-100.634849669579,79.5834257975856,122.036555087077,72.5225844166458,Yes
Bell Beaker/Únětice,Bell Beaker,Únětice,-27.6332380095949,-28.9080128061059,22.6568987607703,-71.0389224630084,17.8524598264636,No
Bell Beaker/Corded Ware,Bell Beaker,Corded Ware,-142.07408389703,-148.798813823329,101.699972001197,53.1839732012173,25.7515132000647,Yes
Bell Beaker/Dnieper-Donets,Bell Beaker,Dnieper-Donets,-85.7079628168594,-84.0987959043824,12.5519075458511,-110.399789136971,-61.2748108427501,Yes
Bell Beaker/Trichterbecher,Bell Beaker,Trichterbecher,-13.4303840314061,-4.57431899847005,41.0357965708766,-101.606130567839,70.809246475858,No
Corded Ware/Linearbandkeramik,Corded Ware,Linearbandkeramik,-79.7410001254558,-60.390300713818,101.20175065712,80.0155206868765,52.2532321721929,Yes
Corded Ware/Lažňany,Corded Ware,Lažňany,-108.574385400209,-90.2373051883809,102.164215427964,37.3431839721851,8.92733446040427,Yes
Corded Ware/Sopot,Corded Ware,Sopot,117.07918326031,141.144391030003,129.58035597935,-97.4440609416497,240.859871266865,No
Corded Ware/Únětice,Corded Ware,Únětice,-113.468280004822,-118.219082831894,104.29079937619,58.6358817811111,29.9282512489338,Yes
Corded Ware/Dnieper-Donets,Corded Ware,Dnieper-Donets,51.9703429258769,38.1180987558441,105.32017430918,-96.7939388327487,235.954334894188,No
Corded Ware/Trichterbecher,Corded Ware,Trichterbecher,124.48157341238,117.953417576551,111.196709055737,-27.4774369385157,306.500235542886,No
Dnieper-Donets/Linearbandkeramik,Dnieper-Donets,Linearbandkeramik,-26.8155475941595,-25.6523091310364,10.1944481729513,-47.2115911411746,-7.01133447007477,Yes
Dnieper-Donets/Lažňany,Dnieper-Donets,Lažňany,-55.4929817258904,-58.5139969619748,12.9617788040942,-80.8592166570535,-30.6363632739176,Yes
Dnieper-Donets/Sopot,Dnieper-Donets,Sopot,172.233556005861,179.370614734777,79.5882245801609,25.2730273407327,337.652777739949,Yes
Dnieper-Donets/Únětice,Dnieper-Donets,Únětice,-58.6759615728462,-50.4828495522177,21.9513831956086,-102.642699435027,-17.0090013709594,Yes
Dnieper-Donets/Trichterbecher,Dnieper-Donets,Trichterbecher,73.1611819067941,76.5435858695853,40.8933697272583,-14.7909536282653,159.375945934332,No
Lažňany/Linearbandkeramik,Lažňany,Linearbandkeramik,28.4785405641633,25.609713965089,11.6988285185272,5.3879820741294,51.3373681270222,Yes
Lažňany/Sopot,Lažňany,Sopot,131.470815669918,133.402748673574,78.9459330432821,-34.1049192118687,273.613471771187,No
Lažňany/Únětice,Lažňany,Únětice,2.82483387131034,4.68731908814925,22.7725894520128,-40.8869230777073,47.7705755846249,No
Lažňany/Trichterbecher,Lažňany,Trichterbecher,17.5709941225034,24.1670717075622,40.7065941321603,-73.4836103660649,99.187179053343,No
Linearbandkeramik/Sopot,Linearbandkeramik,Sopot,159.420575570307,171.896148367603,78.9974783279634,6.72831986266521,315.34913663414,Yes
Linearbandkeramik/Únětice,Linearbandkeramik,Únětice,31.4415052380796,30.3752475907818,21.4178128318612,-8.55905006346533,75.5010384303718,No
Linearbandkeramik/Trichterbecher,Linearbandkeramik,Trichterbecher,45.9227269135693,51.9798207254473,40.0772649729366,-44.2674795184255,126.27604626926,No
Sopot/Únětice,Sopot,Únětice,-129.860557291293,-125.300497075111,81.787280266671,81.8339668055901,34.146553770542,Yes
Sopot/Trichterbecher,Sopot,Trichterbecher,-114.100690457709,-125.921435797498,88.2031499258664,84.1505221471662,42.867251556859,Yes
Trichterbecher/Únětice,Trichterbecher,Únětice,14.0748502692623,14.5466014751291,43.873288346459,-80.8226543304344,99.8822068074436,No
