Run,Performance,Model,Variable
1,0.675033025099075,Baseline,Left
2,0.665785997357992,Baseline,Left
3,0.682959048877147,Baseline,Left
4,0.677675033025099,Baseline,Left
5,0.653896961690885,Baseline,Left
6,0.69220607661823,Baseline,Left
7,0.69220607661823,Baseline,Left
8,0.67107001321004,Baseline,Left
9,0.702774108322325,Baseline,Left
10,0.681638044914135,Baseline,Left
11,0.678996036988111,Baseline,Left
12,0.652575957727873,Baseline,Left
13,0.667107001321004,Baseline,Left
14,0.701453104359313,Baseline,Left
15,0.68560105680317,Baseline,Left
16,0.639365918097754,Baseline,Left
17,0.678996036988111,Baseline,Left
18,0.64332892998679,Baseline,Left
19,0.67107001321004,Baseline,Left
20,0.66446499339498,Baseline,Left
21,0.682959048877147,Baseline,Left
22,0.678996036988111,Baseline,Left
23,0.668428005284016,Baseline,Left
24,0.690885072655218,Baseline,Left
25,0.678996036988111,Baseline,Left
26,0.639365918097754,Baseline,Left
27,0.686922060766182,Baseline,Left
28,0.688243064729194,Baseline,Left
29,0.663143989431968,Baseline,Left
30,0.690885072655218,Baseline,Left
31,0.663143989431968,Baseline,Left
32,0.676354029062087,Baseline,Left
33,0.689564068692206,Baseline,Left
34,0.673712021136064,Baseline,Left
35,0.676354029062087,Baseline,Left
36,0.676354029062087,Baseline,Left
37,0.659180977542933,Baseline,Left
38,0.682959048877147,Baseline,Left
39,0.704095112285337,Baseline,Left
40,0.686922060766182,Baseline,Left
41,0.682959048877147,Baseline,Left
42,0.663143989431968,Baseline,Left
43,0.693527080581242,Baseline,Left
44,0.63672391017173,Baseline,Left
45,0.684280052840158,Baseline,Left
46,0.672391017173052,Baseline,Left
47,0.686922060766182,Baseline,Left
48,0.682959048877147,Baseline,Left
49,0.676354029062087,Baseline,Left
50,0.66446499339498,Baseline,Left
51,0.688243064729194,Baseline,Left
52,0.645970937912814,Baseline,Left
53,0.677675033025099,Baseline,Left
54,0.704095112285337,Baseline,Left
55,0.693527080581242,Baseline,Left
56,0.656538969616909,Baseline,Left
57,0.668428005284016,Baseline,Left
58,0.649933949801849,Baseline,Left
59,0.700132100396301,Baseline,Left
60,0.657859973579921,Baseline,Left
61,0.675033025099075,Baseline,Left
62,0.656538969616909,Baseline,Left
63,0.677675033025099,Baseline,Left
64,0.678996036988111,Baseline,Left
65,0.656538969616909,Baseline,Left
66,0.700132100396301,Baseline,Left
67,0.66446499339498,Baseline,Left
68,0.669749009247028,Baseline,Left
69,0.682959048877147,Baseline,Left
70,0.696169088507266,Baseline,Left
71,0.705416116248349,Baseline,Left
72,0.663143989431968,Baseline,Left
73,0.686922060766182,Baseline,Left
74,0.706737120211361,Baseline,Left
75,0.696169088507266,Baseline,Left
76,0.678996036988111,Baseline,Left
77,0.69220607661823,Baseline,Left
78,0.675033025099075,Baseline,Left
79,0.69220607661823,Baseline,Left
80,0.676354029062087,Baseline,Left
81,0.672391017173052,Baseline,Left
82,0.697490092470277,Baseline,Left
83,0.684280052840158,Baseline,Left
84,0.693527080581242,Baseline,Left
85,0.676354029062087,Baseline,Left
86,0.706737120211361,Baseline,Left
87,0.67107001321004,Baseline,Left
88,0.656538969616909,Baseline,Left
89,0.682959048877147,Baseline,Left
90,0.665785997357992,Baseline,Left
91,0.66446499339498,Baseline,Left
92,0.689564068692206,Baseline,Left
93,0.669749009247028,Baseline,Left
94,0.696169088507266,Baseline,Left
95,0.66446499339498,Baseline,Left
96,0.66446499339498,Baseline,Left
97,0.680317040951123,Baseline,Left
98,0.686922060766182,Baseline,Left
99,0.659180977542933,Baseline,Left
100,0.686922060766182,Baseline,Left
1,0.718626155878468,Baseline,Right
2,0.702774108322325,Baseline,Right
3,0.706737120211361,Baseline,Right
4,0.705416116248349,Baseline,Right
5,0.708058124174373,Baseline,Right
6,0.715984147952444,Baseline,Right
7,0.727873183619551,Baseline,Right
8,0.708058124174373,Baseline,Right
9,0.706737120211361,Baseline,Right
10,0.696169088507266,Baseline,Right
11,0.710700132100396,Baseline,Right
12,0.733157199471599,Baseline,Right
13,0.632760898282695,Baseline,Right
14,0.704095112285337,Baseline,Right
15,0.712021136063408,Baseline,Right
16,0.705416116248349,Baseline,Right
17,0.714663143989432,Baseline,Right
18,0.712021136063408,Baseline,Right
19,0.721268163804492,Baseline,Right
20,0.698811096433289,Baseline,Right
21,0.704095112285337,Baseline,Right
22,0.690885072655218,Baseline,Right
23,0.73447820343461,Baseline,Right
24,0.705416116248349,Baseline,Right
25,0.701453104359313,Baseline,Right
26,0.708058124174373,Baseline,Right
27,0.702774108322325,Baseline,Right
28,0.71994715984148,Baseline,Right
29,0.693527080581242,Baseline,Right
30,0.731836195508587,Baseline,Right
31,0.715984147952444,Baseline,Right
32,0.717305151915456,Baseline,Right
33,0.702774108322325,Baseline,Right
34,0.705416116248349,Baseline,Right
35,0.682959048877147,Baseline,Right
36,0.700132100396301,Baseline,Right
37,0.706737120211361,Baseline,Right
38,0.725231175693527,Baseline,Right
39,0.708058124174373,Baseline,Right
40,0.698811096433289,Baseline,Right
41,0.71994715984148,Baseline,Right
42,0.700132100396301,Baseline,Right
43,0.708058124174373,Baseline,Right
44,0.701453104359313,Baseline,Right
45,0.715984147952444,Baseline,Right
46,0.710700132100396,Baseline,Right
47,0.688243064729194,Baseline,Right
48,0.738441215323646,Baseline,Right
49,0.684280052840158,Baseline,Right
50,0.715984147952444,Baseline,Right
51,0.702774108322325,Baseline,Right
52,0.701453104359313,Baseline,Right
53,0.722589167767503,Baseline,Right
54,0.731836195508587,Baseline,Right
55,0.708058124174373,Baseline,Right
56,0.718626155878468,Baseline,Right
57,0.715984147952444,Baseline,Right
58,0.682959048877147,Baseline,Right
59,0.700132100396301,Baseline,Right
60,0.718626155878468,Baseline,Right
61,0.697490092470277,Baseline,Right
62,0.706737120211361,Baseline,Right
63,0.717305151915456,Baseline,Right
64,0.684280052840158,Baseline,Right
65,0.684280052840158,Baseline,Right
66,0.712021136063408,Baseline,Right
67,0.702774108322325,Baseline,Right
68,0.709379128137385,Baseline,Right
69,0.717305151915456,Baseline,Right
70,0.69220607661823,Baseline,Right
71,0.71994715984148,Baseline,Right
72,0.706737120211361,Baseline,Right
73,0.723910171730515,Baseline,Right
74,0.704095112285337,Baseline,Right
75,0.718626155878468,Baseline,Right
76,0.698811096433289,Baseline,Right
77,0.704095112285337,Baseline,Right
78,0.717305151915456,Baseline,Right
79,0.727873183619551,Baseline,Right
80,0.715984147952444,Baseline,Right
81,0.667107001321004,Baseline,Right
82,0.730515191545575,Baseline,Right
83,0.702774108322325,Baseline,Right
84,0.700132100396301,Baseline,Right
85,0.712021136063408,Baseline,Right
86,0.693527080581242,Baseline,Right
87,0.700132100396301,Baseline,Right
88,0.723910171730515,Baseline,Right
89,0.712021136063408,Baseline,Right
90,0.721268163804492,Baseline,Right
91,0.700132100396301,Baseline,Right
92,0.702774108322325,Baseline,Right
93,0.731836195508587,Baseline,Right
94,0.702774108322325,Baseline,Right
95,0.701453104359313,Baseline,Right
96,0.71334214002642,Baseline,Right
97,0.696169088507266,Baseline,Right
98,0.715984147952444,Baseline,Right
99,0.702774108322325,Baseline,Right
100,0.688243064729194,Baseline,Right
1,0.911492734478203,Baseline,Back
2,0.900924702774108,Baseline,Back
3,0.90885072655218,Baseline,Back
4,0.926023778071334,Baseline,Back
5,0.898282694848085,Baseline,Back
6,0.920739762219287,Baseline,Back
7,0.919418758256275,Baseline,Back
8,0.922060766182299,Baseline,Back
9,0.92998678996037,Baseline,Back
10,0.910171730515192,Baseline,Back
11,0.916776750330251,Baseline,Back
12,0.927344782034346,Baseline,Back
13,0.920739762219287,Baseline,Back
14,0.916776750330251,Baseline,Back
15,0.924702774108322,Baseline,Back
16,0.919418758256275,Baseline,Back
17,0.915455746367239,Baseline,Back
18,0.90885072655218,Baseline,Back
19,0.911492734478203,Baseline,Back
20,0.911492734478203,Baseline,Back
21,0.922060766182299,Baseline,Back
22,0.919418758256275,Baseline,Back
23,0.918097754293263,Baseline,Back
24,0.911492734478203,Baseline,Back
25,0.927344782034346,Baseline,Back
26,0.919418758256275,Baseline,Back
27,0.918097754293263,Baseline,Back
28,0.932628797886394,Baseline,Back
29,0.906208718626156,Baseline,Back
30,0.906208718626156,Baseline,Back
31,0.926023778071334,Baseline,Back
32,0.911492734478203,Baseline,Back
33,0.92998678996037,Baseline,Back
34,0.919418758256275,Baseline,Back
35,0.904887714663144,Baseline,Back
36,0.911492734478203,Baseline,Back
37,0.910171730515192,Baseline,Back
38,0.903566710700132,Baseline,Back
39,0.914134742404227,Baseline,Back
40,0.90885072655218,Baseline,Back
41,0.927344782034346,Baseline,Back
42,0.919418758256275,Baseline,Back
43,0.903566710700132,Baseline,Back
44,0.916776750330251,Baseline,Back
45,0.885072655217966,Baseline,Back
46,0.911492734478203,Baseline,Back
47,0.928665785997358,Baseline,Back
48,0.914134742404227,Baseline,Back
49,0.916776750330251,Baseline,Back
50,0.911492734478203,Baseline,Back
51,0.915455746367239,Baseline,Back
52,0.90885072655218,Baseline,Back
53,0.919418758256275,Baseline,Back
54,0.922060766182299,Baseline,Back
55,0.895640686922061,Baseline,Back
56,0.927344782034346,Baseline,Back
57,0.920739762219287,Baseline,Back
58,0.920739762219287,Baseline,Back
59,0.906208718626156,Baseline,Back
60,0.912813738441215,Baseline,Back
61,0.92338177014531,Baseline,Back
62,0.918097754293263,Baseline,Back
63,0.907529722589168,Baseline,Back
64,0.918097754293263,Baseline,Back
65,0.916776750330251,Baseline,Back
66,0.919418758256275,Baseline,Back
67,0.90885072655218,Baseline,Back
68,0.911492734478203,Baseline,Back
69,0.911492734478203,Baseline,Back
70,0.915455746367239,Baseline,Back
71,0.912813738441215,Baseline,Back
72,0.924702774108322,Baseline,Back
73,0.920739762219287,Baseline,Back
74,0.928665785997358,Baseline,Back
75,0.92338177014531,Baseline,Back
76,0.900924702774108,Baseline,Back
77,0.920739762219287,Baseline,Back
78,0.928665785997358,Baseline,Back
79,0.906208718626156,Baseline,Back
80,0.924702774108322,Baseline,Back
81,0.914134742404227,Baseline,Back
82,0.924702774108322,Baseline,Back
83,0.916776750330251,Baseline,Back
84,0.907529722589168,Baseline,Back
85,0.914134742404227,Baseline,Back
86,0.912813738441215,Baseline,Back
87,0.92338177014531,Baseline,Back
88,0.918097754293263,Baseline,Back
89,0.920739762219287,Baseline,Back
90,0.916776750330251,Baseline,Back
91,0.906208718626156,Baseline,Back
92,0.912813738441215,Baseline,Back
93,0.895640686922061,Baseline,Back
94,0.919418758256275,Baseline,Back
95,0.924702774108322,Baseline,Back
96,0.912813738441215,Baseline,Back
97,0.926023778071334,Baseline,Back
98,0.915455746367239,Baseline,Back
99,0.92338177014531,Baseline,Back
100,0.900924702774108,Baseline,Back
1,0.675033025099075,Full model,Left
2,0.669749009247028,Full model,Left
3,0.67107001321004,Full model,Left
4,0.698811096433289,Full model,Left
5,0.659180977542933,Full model,Left
6,0.688243064729194,Full model,Left
7,0.68560105680317,Full model,Left
8,0.673712021136064,Full model,Left
9,0.693527080581242,Full model,Left
10,0.677675033025099,Full model,Left
11,0.681638044914135,Full model,Left
12,0.665785997357992,Full model,Left
13,0.66446499339498,Full model,Left
14,0.701453104359313,Full model,Left
15,0.690885072655218,Full model,Left
16,0.649933949801849,Full model,Left
17,0.677675033025099,Full model,Left
18,0.651254953764861,Full model,Left
19,0.67107001321004,Full model,Left
20,0.66446499339498,Full model,Left
21,0.680317040951123,Full model,Left
22,0.656538969616909,Full model,Left
23,0.677675033025099,Full model,Left
24,0.668428005284016,Full model,Left
25,0.68560105680317,Full model,Left
26,0.631439894319683,Full model,Left
27,0.669749009247028,Full model,Left
28,0.676354029062087,Full model,Left
29,0.649933949801849,Full model,Left
30,0.66446499339498,Full model,Left
31,0.651254953764861,Full model,Left
32,0.681638044914135,Full model,Left
33,0.69220607661823,Full model,Left
34,0.669749009247028,Full model,Left
35,0.669749009247028,Full model,Left
36,0.684280052840158,Full model,Left
37,0.669749009247028,Full model,Left
38,0.696169088507266,Full model,Left
39,0.689564068692206,Full model,Left
40,0.668428005284016,Full model,Left
41,0.680317040951123,Full model,Left
42,0.657859973579921,Full model,Left
43,0.681638044914135,Full model,Left
44,0.640686922060766,Full model,Left
45,0.67107001321004,Full model,Left
46,0.668428005284016,Full model,Left
47,0.673712021136064,Full model,Left
48,0.680317040951123,Full model,Left
49,0.681638044914135,Full model,Left
50,0.680317040951123,Full model,Left
51,0.684280052840158,Full model,Left
52,0.653896961690885,Full model,Left
53,0.684280052840158,Full model,Left
54,0.69220607661823,Full model,Left
55,0.69220607661823,Full model,Left
56,0.663143989431968,Full model,Left
57,0.673712021136064,Full model,Left
58,0.655217965653897,Full model,Left
59,0.684280052840158,Full model,Left
60,0.663143989431968,Full model,Left
61,0.673712021136064,Full model,Left
62,0.657859973579921,Full model,Left
63,0.645970937912814,Full model,Left
64,0.673712021136064,Full model,Left
65,0.645970937912814,Full model,Left
66,0.694848084544254,Full model,Left
67,0.684280052840158,Full model,Left
68,0.661822985468957,Full model,Left
69,0.697490092470277,Full model,Left
70,0.696169088507266,Full model,Left
71,0.702774108322325,Full model,Left
72,0.660501981505945,Full model,Left
73,0.689564068692206,Full model,Left
74,0.694848084544254,Full model,Left
75,0.69220607661823,Full model,Left
76,0.676354029062087,Full model,Left
77,0.677675033025099,Full model,Left
78,0.669749009247028,Full model,Left
79,0.682959048877147,Full model,Left
80,0.686922060766182,Full model,Left
81,0.689564068692206,Full model,Left
82,0.705416116248349,Full model,Left
83,0.688243064729194,Full model,Left
84,0.68560105680317,Full model,Left
85,0.672391017173052,Full model,Left
86,0.697490092470277,Full model,Left
87,0.678996036988111,Full model,Left
88,0.648612945838838,Full model,Left
89,0.68560105680317,Full model,Left
90,0.66446499339498,Full model,Left
91,0.655217965653897,Full model,Left
92,0.694848084544254,Full model,Left
93,0.678996036988111,Full model,Left
94,0.697490092470277,Full model,Left
95,0.665785997357992,Full model,Left
96,0.663143989431968,Full model,Left
97,0.693527080581242,Full model,Left
98,0.693527080581242,Full model,Left
99,0.667107001321004,Full model,Left
100,0.68560105680317,Full model,Left
1,0.702774108322325,Full model,Right
2,0.697490092470277,Full model,Right
3,0.71334214002642,Full model,Right
4,0.706737120211361,Full model,Right
5,0.701453104359313,Full model,Right
6,0.71334214002642,Full model,Right
7,0.729194187582563,Full model,Right
8,0.709379128137385,Full model,Right
9,0.710700132100396,Full model,Right
10,0.69220607661823,Full model,Right
11,0.71334214002642,Full model,Right
12,0.730515191545575,Full model,Right
13,0.698811096433289,Full model,Right
14,0.708058124174373,Full model,Right
15,0.710700132100396,Full model,Right
16,0.697490092470277,Full model,Right
17,0.71334214002642,Full model,Right
18,0.71334214002642,Full model,Right
19,0.722589167767503,Full model,Right
20,0.694848084544254,Full model,Right
21,0.702774108322325,Full model,Right
22,0.688243064729194,Full model,Right
23,0.718626155878468,Full model,Right
24,0.700132100396301,Full model,Right
25,0.700132100396301,Full model,Right
26,0.71334214002642,Full model,Right
27,0.702774108322325,Full model,Right
28,0.710700132100396,Full model,Right
29,0.700132100396301,Full model,Right
30,0.717305151915456,Full model,Right
31,0.710700132100396,Full model,Right
32,0.702774108322325,Full model,Right
33,0.702774108322325,Full model,Right
34,0.709379128137385,Full model,Right
35,0.689564068692206,Full model,Right
36,0.702774108322325,Full model,Right
37,0.698811096433289,Full model,Right
38,0.721268163804492,Full model,Right
39,0.706737120211361,Full model,Right
40,0.69220607661823,Full model,Right
41,0.722589167767503,Full model,Right
42,0.698811096433289,Full model,Right
43,0.698811096433289,Full model,Right
44,0.704095112285337,Full model,Right
45,0.712021136063408,Full model,Right
46,0.718626155878468,Full model,Right
47,0.676354029062087,Full model,Right
48,0.730515191545575,Full model,Right
49,0.690885072655218,Full model,Right
50,0.722589167767503,Full model,Right
51,0.704095112285337,Full model,Right
52,0.700132100396301,Full model,Right
53,0.710700132100396,Full model,Right
54,0.733157199471599,Full model,Right
55,0.705416116248349,Full model,Right
56,0.710700132100396,Full model,Right
57,0.710700132100396,Full model,Right
58,0.68560105680317,Full model,Right
59,0.693527080581242,Full model,Right
60,0.712021136063408,Full model,Right
61,0.693527080581242,Full model,Right
62,0.710700132100396,Full model,Right
63,0.717305151915456,Full model,Right
64,0.690885072655218,Full model,Right
65,0.688243064729194,Full model,Right
66,0.704095112285337,Full model,Right
67,0.709379128137385,Full model,Right
68,0.717305151915456,Full model,Right
69,0.726552179656539,Full model,Right
70,0.69220607661823,Full model,Right
71,0.721268163804492,Full model,Right
72,0.709379128137385,Full model,Right
73,0.718626155878468,Full model,Right
74,0.706737120211361,Full model,Right
75,0.712021136063408,Full model,Right
76,0.701453104359313,Full model,Right
77,0.694848084544254,Full model,Right
78,0.71994715984148,Full model,Right
79,0.710700132100396,Full model,Right
80,0.704095112285337,Full model,Right
81,0.672391017173052,Full model,Right
82,0.73447820343461,Full model,Right
83,0.708058124174373,Full model,Right
84,0.702774108322325,Full model,Right
85,0.688243064729194,Full model,Right
86,0.696169088507266,Full model,Right
87,0.694848084544254,Full model,Right
88,0.723910171730515,Full model,Right
89,0.705416116248349,Full model,Right
90,0.723910171730515,Full model,Right
91,0.69220607661823,Full model,Right
92,0.701453104359313,Full model,Right
93,0.717305151915456,Full model,Right
94,0.690885072655218,Full model,Right
95,0.693527080581242,Full model,Right
96,0.718626155878468,Full model,Right
97,0.696169088507266,Full model,Right
98,0.702774108322325,Full model,Right
99,0.697490092470277,Full model,Right
100,0.689564068692206,Full model,Right
1,0.911492734478203,Full model,Back
2,0.899603698811097,Full model,Back
3,0.906208718626156,Full model,Back
4,0.920739762219287,Full model,Back
5,0.904887714663144,Full model,Back
6,0.912813738441215,Full model,Back
7,0.920739762219287,Full model,Back
8,0.904887714663144,Full model,Back
9,0.924702774108322,Full model,Back
10,0.911492734478203,Full model,Back
11,0.918097754293263,Full model,Back
12,0.906208718626156,Full model,Back
13,0.918097754293263,Full model,Back
14,0.915455746367239,Full model,Back
15,0.927344782034346,Full model,Back
16,0.914134742404227,Full model,Back
17,0.90885072655218,Full model,Back
18,0.916776750330251,Full model,Back
19,0.910171730515192,Full model,Back
20,0.903566710700132,Full model,Back
21,0.920739762219287,Full model,Back
22,0.912813738441215,Full model,Back
23,0.914134742404227,Full model,Back
24,0.912813738441215,Full model,Back
25,0.924702774108322,Full model,Back
26,0.919418758256275,Full model,Back
27,0.911492734478203,Full model,Back
28,0.912813738441215,Full model,Back
29,0.90224570673712,Full model,Back
30,0.904887714663144,Full model,Back
31,0.933949801849406,Full model,Back
32,0.914134742404227,Full model,Back
33,0.920739762219287,Full model,Back
34,0.916776750330251,Full model,Back
35,0.904887714663144,Full model,Back
36,0.90885072655218,Full model,Back
37,0.907529722589168,Full model,Back
38,0.920739762219287,Full model,Back
39,0.914134742404227,Full model,Back
40,0.891677675033025,Full model,Back
41,0.920739762219287,Full model,Back
42,0.914134742404227,Full model,Back
43,0.898282694848085,Full model,Back
44,0.916776750330251,Full model,Back
45,0.88110964332893,Full model,Back
46,0.910171730515192,Full model,Back
47,0.922060766182299,Full model,Back
48,0.915455746367239,Full model,Back
49,0.914134742404227,Full model,Back
50,0.911492734478203,Full model,Back
51,0.903566710700132,Full model,Back
52,0.927344782034346,Full model,Back
53,0.915455746367239,Full model,Back
54,0.915455746367239,Full model,Back
55,0.911492734478203,Full model,Back
56,0.919418758256275,Full model,Back
57,0.928665785997358,Full model,Back
58,0.919418758256275,Full model,Back
59,0.907529722589168,Full model,Back
60,0.914134742404227,Full model,Back
61,0.924702774108322,Full model,Back
62,0.915455746367239,Full model,Back
63,0.92338177014531,Full model,Back
64,0.920739762219287,Full model,Back
65,0.907529722589168,Full model,Back
66,0.919418758256275,Full model,Back
67,0.910171730515192,Full model,Back
68,0.910171730515192,Full model,Back
69,0.910171730515192,Full model,Back
70,0.911492734478203,Full model,Back
71,0.907529722589168,Full model,Back
72,0.910171730515192,Full model,Back
73,0.911492734478203,Full model,Back
74,0.924702774108322,Full model,Back
75,0.918097754293263,Full model,Back
76,0.892998678996037,Full model,Back
77,0.919418758256275,Full model,Back
78,0.924702774108322,Full model,Back
79,0.891677675033025,Full model,Back
80,0.910171730515192,Full model,Back
81,0.918097754293263,Full model,Back
82,0.924702774108322,Full model,Back
83,0.904887714663144,Full model,Back
84,0.904887714663144,Full model,Back
85,0.906208718626156,Full model,Back
86,0.911492734478203,Full model,Back
87,0.926023778071334,Full model,Back
88,0.915455746367239,Full model,Back
89,0.918097754293263,Full model,Back
90,0.916776750330251,Full model,Back
91,0.907529722589168,Full model,Back
92,0.90885072655218,Full model,Back
93,0.894319682959049,Full model,Back
94,0.912813738441215,Full model,Back
95,0.918097754293263,Full model,Back
96,0.90885072655218,Full model,Back
97,0.922060766182299,Full model,Back
98,0.914134742404227,Full model,Back
99,0.924702774108322,Full model,Back
100,0.898282694848085,Full model,Back
1,0.649933949801849,Best model,Left
2,0.680317040951123,Best model,Left
3,0.644649933949802,Best model,Left
4,0.69220607661823,Best model,Left
5,0.680317040951123,Best model,Left
6,0.681638044914135,Best model,Left
7,0.676354029062087,Best model,Left
8,0.68560105680317,Best model,Left
9,0.66446499339498,Best model,Left
10,0.66446499339498,Best model,Left
11,0.681638044914135,Best model,Left
12,0.684280052840158,Best model,Left
13,0.68560105680317,Best model,Left
14,0.677675033025099,Best model,Left
15,0.661822985468957,Best model,Left
16,0.675033025099075,Best model,Left
17,0.665785997357992,Best model,Left
18,0.652575957727873,Best model,Left
19,0.684280052840158,Best model,Left
20,0.651254953764861,Best model,Left
21,0.693527080581242,Best model,Left
22,0.68560105680317,Best model,Left
23,0.684280052840158,Best model,Left
24,0.680317040951123,Best model,Left
25,0.682959048877147,Best model,Left
26,0.66446499339498,Best model,Left
27,0.663143989431968,Best model,Left
28,0.682959048877147,Best model,Left
29,0.68560105680317,Best model,Left
30,0.688243064729194,Best model,Left
31,0.673712021136064,Best model,Left
32,0.659180977542933,Best model,Left
33,0.663143989431968,Best model,Left
34,0.661822985468957,Best model,Left
35,0.653896961690885,Best model,Left
36,0.68560105680317,Best model,Left
37,0.648612945838838,Best model,Left
38,0.698811096433289,Best model,Left
39,0.68560105680317,Best model,Left
40,0.684280052840158,Best model,Left
41,0.680317040951123,Best model,Left
42,0.682959048877147,Best model,Left
43,0.675033025099075,Best model,Left
44,0.677675033025099,Best model,Left
45,0.681638044914135,Best model,Left
46,0.680317040951123,Best model,Left
47,0.696169088507266,Best model,Left
48,0.675033025099075,Best model,Left
49,0.693527080581242,Best model,Left
50,0.689564068692206,Best model,Left
51,0.684280052840158,Best model,Left
52,0.66446499339498,Best model,Left
53,0.682959048877147,Best model,Left
54,0.669749009247028,Best model,Left
55,0.697490092470277,Best model,Left
56,0.702774108322325,Best model,Left
57,0.663143989431968,Best model,Left
58,0.657859973579921,Best model,Left
59,0.663143989431968,Best model,Left
60,0.657859973579921,Best model,Left
61,0.681638044914135,Best model,Left
62,0.686922060766182,Best model,Left
63,0.689564068692206,Best model,Left
64,0.667107001321004,Best model,Left
65,0.678996036988111,Best model,Left
66,0.675033025099075,Best model,Left
67,0.655217965653897,Best model,Left
68,0.684280052840158,Best model,Left
69,0.665785997357992,Best model,Left
70,0.672391017173052,Best model,Left
71,0.624834874504623,Best model,Left
72,0.680317040951123,Best model,Left
73,0.677675033025099,Best model,Left
74,0.696169088507266,Best model,Left
75,0.677675033025099,Best model,Left
76,0.653896961690885,Best model,Left
77,0.678996036988111,Best model,Left
78,0.682959048877147,Best model,Left
79,0.659180977542933,Best model,Left
80,0.689564068692206,Best model,Left
81,0.668428005284016,Best model,Left
82,0.673712021136064,Best model,Left
83,0.684280052840158,Best model,Left
84,0.677675033025099,Best model,Left
85,0.652575957727873,Best model,Left
86,0.682959048877147,Best model,Left
87,0.678996036988111,Best model,Left
88,0.668428005284016,Best model,Left
89,0.686922060766182,Best model,Left
90,0.68560105680317,Best model,Left
91,0.705416116248349,Best model,Left
92,0.672391017173052,Best model,Left
93,0.675033025099075,Best model,Left
94,0.684280052840158,Best model,Left
95,0.684280052840158,Best model,Left
96,0.701453104359313,Best model,Left
97,0.67107001321004,Best model,Left
98,0.694848084544254,Best model,Left
99,0.684280052840158,Best model,Left
100,0.682959048877147,Best model,Left
1,0.63672391017173,Best model,Right
2,0.708058124174373,Best model,Right
3,0.69220607661823,Best model,Right
4,0.709379128137385,Best model,Right
5,0.694848084544254,Best model,Right
6,0.626155878467635,Best model,Right
7,0.706737120211361,Best model,Right
8,0.64332892998679,Best model,Right
9,0.684280052840158,Best model,Right
10,0.721268163804492,Best model,Right
11,0.640686922060766,Best model,Right
12,0.704095112285337,Best model,Right
13,0.693527080581242,Best model,Right
14,0.696169088507266,Best model,Right
15,0.715984147952444,Best model,Right
16,0.705416116248349,Best model,Right
17,0.700132100396301,Best model,Right
18,0.635402906208719,Best model,Right
19,0.705416116248349,Best model,Right
20,0.688243064729194,Best model,Right
21,0.706737120211361,Best model,Right
22,0.693527080581242,Best model,Right
23,0.626155878467635,Best model,Right
24,0.702774108322325,Best model,Right
25,0.647291941875826,Best model,Right
26,0.684280052840158,Best model,Right
27,0.722589167767503,Best model,Right
28,0.642007926023778,Best model,Right
29,0.700132100396301,Best model,Right
30,0.696169088507266,Best model,Right
31,0.696169088507266,Best model,Right
32,0.710700132100396,Best model,Right
33,0.710700132100396,Best model,Right
34,0.693527080581242,Best model,Right
35,0.632760898282695,Best model,Right
36,0.704095112285337,Best model,Right
37,0.690885072655218,Best model,Right
38,0.709379128137385,Best model,Right
39,0.693527080581242,Best model,Right
40,0.627476882430647,Best model,Right
41,0.702774108322325,Best model,Right
42,0.647291941875826,Best model,Right
43,0.680317040951123,Best model,Right
44,0.701453104359313,Best model,Right
45,0.653896961690885,Best model,Right
46,0.714663143989432,Best model,Right
47,0.698811096433289,Best model,Right
48,0.723910171730515,Best model,Right
49,0.701453104359313,Best model,Right
50,0.715984147952444,Best model,Right
51,0.702774108322325,Best model,Right
52,0.693527080581242,Best model,Right
53,0.722589167767503,Best model,Right
54,0.726552179656539,Best model,Right
55,0.725231175693527,Best model,Right
56,0.730515191545575,Best model,Right
57,0.718626155878468,Best model,Right
58,0.698811096433289,Best model,Right
59,0.678996036988111,Best model,Right
60,0.729194187582563,Best model,Right
61,0.64332892998679,Best model,Right
62,0.700132100396301,Best model,Right
63,0.689564068692206,Best model,Right
64,0.700132100396301,Best model,Right
65,0.710700132100396,Best model,Right
66,0.709379128137385,Best model,Right
67,0.700132100396301,Best model,Right
68,0.737120211360634,Best model,Right
69,0.710700132100396,Best model,Right
70,0.702774108322325,Best model,Right
71,0.697490092470277,Best model,Right
72,0.69220607661823,Best model,Right
73,0.712021136063408,Best model,Right
74,0.712021136063408,Best model,Right
75,0.708058124174373,Best model,Right
76,0.71334214002642,Best model,Right
77,0.706737120211361,Best model,Right
78,0.700132100396301,Best model,Right
79,0.688243064729194,Best model,Right
80,0.71334214002642,Best model,Right
81,0.694848084544254,Best model,Right
82,0.701453104359313,Best model,Right
83,0.704095112285337,Best model,Right
84,0.71334214002642,Best model,Right
85,0.698811096433289,Best model,Right
86,0.71334214002642,Best model,Right
87,0.702774108322325,Best model,Right
88,0.657859973579921,Best model,Right
89,0.704095112285337,Best model,Right
90,0.702774108322325,Best model,Right
91,0.726552179656539,Best model,Right
92,0.678996036988111,Best model,Right
93,0.694848084544254,Best model,Right
94,0.659180977542933,Best model,Right
95,0.71334214002642,Best model,Right
96,0.694848084544254,Best model,Right
97,0.722589167767503,Best model,Right
98,0.702774108322325,Best model,Right
99,0.714663143989432,Best model,Right
100,0.705416116248349,Best model,Right
1,0.911492734478203,Best model,Back
2,0.900924702774108,Best model,Back
3,0.90885072655218,Best model,Back
4,0.926023778071334,Best model,Back
5,0.898282694848085,Best model,Back
6,0.920739762219287,Best model,Back
7,0.919418758256275,Best model,Back
8,0.922060766182299,Best model,Back
9,0.92998678996037,Best model,Back
10,0.910171730515192,Best model,Back
11,0.916776750330251,Best model,Back
12,0.927344782034346,Best model,Back
13,0.920739762219287,Best model,Back
14,0.916776750330251,Best model,Back
15,0.924702774108322,Best model,Back
16,0.919418758256275,Best model,Back
17,0.915455746367239,Best model,Back
18,0.90885072655218,Best model,Back
19,0.911492734478203,Best model,Back
20,0.911492734478203,Best model,Back
21,0.922060766182299,Best model,Back
22,0.919418758256275,Best model,Back
23,0.918097754293263,Best model,Back
24,0.911492734478203,Best model,Back
25,0.927344782034346,Best model,Back
26,0.919418758256275,Best model,Back
27,0.918097754293263,Best model,Back
28,0.932628797886394,Best model,Back
29,0.906208718626156,Best model,Back
30,0.906208718626156,Best model,Back
31,0.926023778071334,Best model,Back
32,0.911492734478203,Best model,Back
33,0.92998678996037,Best model,Back
34,0.919418758256275,Best model,Back
35,0.904887714663144,Best model,Back
36,0.911492734478203,Best model,Back
37,0.910171730515192,Best model,Back
38,0.903566710700132,Best model,Back
39,0.914134742404227,Best model,Back
40,0.90885072655218,Best model,Back
41,0.927344782034346,Best model,Back
42,0.919418758256275,Best model,Back
43,0.903566710700132,Best model,Back
44,0.916776750330251,Best model,Back
45,0.885072655217966,Best model,Back
46,0.911492734478203,Best model,Back
47,0.928665785997358,Best model,Back
48,0.914134742404227,Best model,Back
49,0.916776750330251,Best model,Back
50,0.911492734478203,Best model,Back
51,0.915455746367239,Best model,Back
52,0.90885072655218,Best model,Back
53,0.919418758256275,Best model,Back
54,0.922060766182299,Best model,Back
55,0.895640686922061,Best model,Back
56,0.927344782034346,Best model,Back
57,0.920739762219287,Best model,Back
58,0.920739762219287,Best model,Back
59,0.906208718626156,Best model,Back
60,0.912813738441215,Best model,Back
61,0.92338177014531,Best model,Back
62,0.918097754293263,Best model,Back
63,0.907529722589168,Best model,Back
64,0.918097754293263,Best model,Back
65,0.916776750330251,Best model,Back
66,0.919418758256275,Best model,Back
67,0.90885072655218,Best model,Back
68,0.911492734478203,Best model,Back
69,0.911492734478203,Best model,Back
70,0.915455746367239,Best model,Back
71,0.912813738441215,Best model,Back
72,0.924702774108322,Best model,Back
73,0.920739762219287,Best model,Back
74,0.928665785997358,Best model,Back
75,0.92338177014531,Best model,Back
76,0.900924702774108,Best model,Back
77,0.920739762219287,Best model,Back
78,0.928665785997358,Best model,Back
79,0.906208718626156,Best model,Back
80,0.924702774108322,Best model,Back
81,0.914134742404227,Best model,Back
82,0.924702774108322,Best model,Back
83,0.916776750330251,Best model,Back
84,0.907529722589168,Best model,Back
85,0.914134742404227,Best model,Back
86,0.912813738441215,Best model,Back
87,0.92338177014531,Best model,Back
88,0.918097754293263,Best model,Back
89,0.920739762219287,Best model,Back
90,0.916776750330251,Best model,Back
91,0.906208718626156,Best model,Back
92,0.912813738441215,Best model,Back
93,0.895640686922061,Best model,Back
94,0.919418758256275,Best model,Back
95,0.924702774108322,Best model,Back
96,0.912813738441215,Best model,Back
97,0.926023778071334,Best model,Back
98,0.915455746367239,Best model,Back
99,0.92338177014531,Best model,Back
100,0.900924702774108,Best model,Back
